flight_id,actual_departure,departure_airport,aaq_longitude,aaq_latitude,arrival_airport,longitude,latitude,distance,airport_name,city,model,fuel_cost,total_seats,ticket_economy,ticket_business,total_economy,total_business
136119,2017-01-03T10:08:00Z,AAQ,37.20,45.00,SVO,37.4146,55.972599,1206,Sheremetyevo International Airport,Moscow,Boeing 737-300,47100,126,0,11,,402600.00
136119,2017-01-03T10:08:00Z,AAQ,37.20,45.00,SVO,37.4146,55.972599,1206,Sheremetyevo International Airport,Moscow,Boeing 737-300,47100,126,102,0,1250400.00,
136120,2017-02-24T10:07:00Z,AAQ,37.20,45.00,SVO,37.4146,55.972599,1206,Sheremetyevo International Airport,Moscow,Boeing 737-300,47100,126,0,11,,402600.00
136120,2017-02-24T10:07:00Z,AAQ,37.20,45.00,SVO,37.4146,55.972599,1206,Sheremetyevo International Airport,Moscow,Boeing 737-300,47100,126,98,0,1202800.00,
136122,2017-01-08T10:08:00Z,AAQ,37.20,45.00,SVO,37.4146,55.972599,1206,Sheremetyevo International Airport,Moscow,Boeing 737-300,47100,126,0,10,,366000.00
136122,2017-01-08T10:08:00Z,AAQ,37.20,45.00,SVO,37.4146,55.972599,1206,Sheremetyevo International Airport,Moscow,Boeing 737-300,47100,126,87,0,1065000.00,
136130,2017-02-13T10:07:00Z,AAQ,37.20,45.00,SVO,37.4146,55.972599,1206,Sheremetyevo International Airport,Moscow,Boeing 737-300,47100,126,0,10,,366000.00
136130,2017-02-13T10:07:00Z,AAQ,37.20,45.00,SVO,37.4146,55.972599,1206,Sheremetyevo International Airport,Moscow,Boeing 737-300,47100,126,97,0,1190600.00,
136131,2017-01-28T10:07:00Z,AAQ,37.20,45.00,SVO,37.4146,55.972599,1206,Sheremetyevo International Airport,Moscow,Boeing 737-300,47100,126,0,12,,439200.00
136131,2017-01-28T10:07:00Z,AAQ,37.20,45.00,SVO,37.4146,55.972599,1206,Sheremetyevo International Airport,Moscow,Boeing 737-300,47100,126,112,0,1373600.00,
136132,2017-02-15T10:09:00Z,AAQ,37.20,45.00,SVO,37.4146,55.972599,1206,Sheremetyevo International Airport,Moscow,Boeing 737-300,47100,126,0,12,,439200.00
136132,2017-02-15T10:09:00Z,AAQ,37.20,45.00,SVO,37.4146,55.972599,1206,Sheremetyevo International Airport,Moscow,Boeing 737-300,47100,126,104,0,1274800.00,
136135,2017-02-01T10:08:00Z,AAQ,37.20,45.00,SVO,37.4146,55.972599,1206,Sheremetyevo International Airport,Moscow,Boeing 737-300,47100,126,0,11,,402600.00
136135,2017-02-01T10:08:00Z,AAQ,37.20,45.00,SVO,37.4146,55.972599,1206,Sheremetyevo International Airport,Moscow,Boeing 737-300,47100,126,104,0,1276000.00,
136146,2017-02-09T10:08:00Z,AAQ,37.20,45.00,SVO,37.4146,55.972599,1206,Sheremetyevo International Airport,Moscow,Boeing 737-300,47100,126,0,11,,402600.00
136146,2017-02-09T10:08:00Z,AAQ,37.20,45.00,SVO,37.4146,55.972599,1206,Sheremetyevo International Airport,Moscow,Boeing 737-300,47100,126,98,0,1201600.00,
136159,2017-01-04T10:07:00Z,AAQ,37.20,45.00,SVO,37.4146,55.972599,1206,Sheremetyevo International Airport,Moscow,Boeing 737-300,47100,126,0,12,,439200.00
136159,2017-01-04T10:07:00Z,AAQ,37.20,45.00,SVO,37.4146,55.972599,1206,Sheremetyevo International Airport,Moscow,Boeing 737-300,47100,126,103,0,1261400.00,
136164,2017-01-07T10:07:00Z,AAQ,37.20,45.00,SVO,37.4146,55.972599,1206,Sheremetyevo International Airport,Moscow,Boeing 737-300,47100,126,0,11,,402600.00
136164,2017-01-07T10:07:00Z,AAQ,37.20,45.00,SVO,37.4146,55.972599,1206,Sheremetyevo International Airport,Moscow,Boeing 737-300,47100,126,109,0,1335800.00,
136165,2017-02-22T10:11:00Z,AAQ,37.20,45.00,SVO,37.4146,55.972599,1206,Sheremetyevo International Airport,Moscow,Boeing 737-300,47100,126,0,9,,329400.00
136165,2017-02-22T10:11:00Z,AAQ,37.20,45.00,SVO,37.4146,55.972599,1206,Sheremetyevo International Airport,Moscow,Boeing 737-300,47100,126,101,0,1238200.00,
136172,2017-01-15T10:05:00Z,AAQ,37.20,45.00,SVO,37.4146,55.972599,1206,Sheremetyevo International Airport,Moscow,Boeing 737-300,47100,126,0,11,,402600.00
136172,2017-01-15T10:05:00Z,AAQ,37.20,45.00,SVO,37.4146,55.972599,1206,Sheremetyevo International Airport,Moscow,Boeing 737-300,47100,126,99,0,1215000.00,
136178,2017-01-29T10:10:00Z,AAQ,37.20,45.00,SVO,37.4146,55.972599,1206,Sheremetyevo International Airport,Moscow,Boeing 737-300,47100,126,0,9,,329400.00
136178,2017-01-29T10:10:00Z,AAQ,37.20,45.00,SVO,37.4146,55.972599,1206,Sheremetyevo International Airport,Moscow,Boeing 737-300,47100,126,90,0,1105200.00,
136181,2017-01-31T10:05:00Z,AAQ,37.20,45.00,SVO,37.4146,55.972599,1206,Sheremetyevo International Airport,Moscow,Boeing 737-300,47100,126,0,10,,366000.00
136181,2017-01-31T10:05:00Z,AAQ,37.20,45.00,SVO,37.4146,55.972599,1206,Sheremetyevo International Airport,Moscow,Boeing 737-300,47100,126,108,0,1323600.00,
136185,2017-01-14T10:06:00Z,AAQ,37.20,45.00,SVO,37.4146,55.972599,1206,Sheremetyevo International Airport,Moscow,Boeing 737-300,47100,126,0,10,,366000.00
136185,2017-01-14T10:06:00Z,AAQ,37.20,45.00,SVO,37.4146,55.972599,1206,Sheremetyevo International Airport,Moscow,Boeing 737-300,47100,126,94,0,1154000.00,
136202,2017-01-05T10:07:00Z,AAQ,37.20,45.00,SVO,37.4146,55.972599,1206,Sheremetyevo International Airport,Moscow,Boeing 737-300,47100,126,0,11,,402600.00
136202,2017-01-05T10:07:00Z,AAQ,37.20,45.00,SVO,37.4146,55.972599,1206,Sheremetyevo International Airport,Moscow,Boeing 737-300,47100,126,89,0,1093000.00,
136204,2017-02-23T10:06:00Z,AAQ,37.20,45.00,SVO,37.4146,55.972599,1206,Sheremetyevo International Airport,Moscow,Boeing 737-300,47100,126,0,6,,219600.00
136204,2017-02-23T10:06:00Z,AAQ,37.20,45.00,SVO,37.4146,55.972599,1206,Sheremetyevo International Airport,Moscow,Boeing 737-300,47100,126,101,0,1238200.00,
136209,2017-01-06T10:09:00Z,AAQ,37.20,45.00,SVO,37.4146,55.972599,1206,Sheremetyevo International Airport,Moscow,Boeing 737-300,47100,126,0,10,,366000.00
136209,2017-01-06T10:09:00Z,AAQ,37.20,45.00,SVO,37.4146,55.972599,1206,Sheremetyevo International Airport,Moscow,Boeing 737-300,47100,126,102,0,1249200.00,
136215,2017-02-28T10:09:00Z,AAQ,37.20,45.00,SVO,37.4146,55.972599,1206,Sheremetyevo International Airport,Moscow,Boeing 737-300,47100,126,0,11,,402600.00
136215,2017-02-28T10:09:00Z,AAQ,37.20,45.00,SVO,37.4146,55.972599,1206,Sheremetyevo International Airport,Moscow,Boeing 737-300,47100,126,103,0,1261400.00,
136226,2017-01-30T10:08:00Z,AAQ,37.20,45.00,SVO,37.4146,55.972599,1206,Sheremetyevo International Airport,Moscow,Boeing 737-300,47100,126,0,12,,439200.00
136226,2017-01-30T10:08:00Z,AAQ,37.20,45.00,SVO,37.4146,55.972599,1206,Sheremetyevo International Airport,Moscow,Boeing 737-300,47100,126,118,0,1446800.00,
136249,2017-02-14T10:08:00Z,AAQ,37.20,45.00,SVO,37.4146,55.972599,1206,Sheremetyevo International Airport,Moscow,Boeing 737-300,47100,126,0,12,,439200.00
136249,2017-02-14T10:08:00Z,AAQ,37.20,45.00,SVO,37.4146,55.972599,1206,Sheremetyevo International Airport,Moscow,Boeing 737-300,47100,126,111,0,1361400.00,
136250,2017-02-08T10:06:00Z,AAQ,37.20,45.00,SVO,37.4146,55.972599,1206,Sheremetyevo International Airport,Moscow,Boeing 737-300,47100,126,0,8,,292800.00
136250,2017-02-08T10:06:00Z,AAQ,37.20,45.00,SVO,37.4146,55.972599,1206,Sheremetyevo International Airport,Moscow,Boeing 737-300,47100,126,91,0,1115000.00,
136264,2017-02-18T10:07:00Z,AAQ,37.20,45.00,SVO,37.4146,55.972599,1206,Sheremetyevo International Airport,Moscow,Boeing 737-300,47100,126,0,11,,402600.00
136264,2017-02-18T10:07:00Z,AAQ,37.20,45.00,SVO,37.4146,55.972599,1206,Sheremetyevo International Airport,Moscow,Boeing 737-300,47100,126,105,0,1288200.00,
136266,2017-02-27T10:08:00Z,AAQ,37.20,45.00,SVO,37.4146,55.972599,1206,Sheremetyevo International Airport,Moscow,Boeing 737-300,47100,126,0,10,,366000.00
136266,2017-02-27T10:08:00Z,AAQ,37.20,45.00,SVO,37.4146,55.972599,1206,Sheremetyevo International Airport,Moscow,Boeing 737-300,47100,126,98,0,1200400.00,
136268,2017-02-16T10:08:00Z,AAQ,37.20,45.00,SVO,37.4146,55.972599,1206,Sheremetyevo International Airport,Moscow,Boeing 737-300,47100,126,0,11,,402600.00
136268,2017-02-16T10:08:00Z,AAQ,37.20,45.00,SVO,37.4146,55.972599,1206,Sheremetyevo International Airport,Moscow,Boeing 737-300,47100,126,104,0,1273600.00,
136269,2017-02-11T10:13:00Z,AAQ,37.20,45.00,SVO,37.4146,55.972599,1206,Sheremetyevo International Airport,Moscow,Boeing 737-300,47100,126,0,11,,402600.00
136269,2017-02-11T10:13:00Z,AAQ,37.20,45.00,SVO,37.4146,55.972599,1206,Sheremetyevo International Airport,Moscow,Boeing 737-300,47100,126,98,0,1202800.00,
136270,2017-02-12T10:12:00Z,AAQ,37.20,45.00,SVO,37.4146,55.972599,1206,Sheremetyevo International Airport,Moscow,Boeing 737-300,47100,126,0,11,,402600.00
136270,2017-02-12T10:12:00Z,AAQ,37.20,45.00,SVO,37.4146,55.972599,1206,Sheremetyevo International Airport,Moscow,Boeing 737-300,47100,126,100,0,1226000.00,
136275,2017-01-13T10:08:00Z,AAQ,37.20,45.00,SVO,37.4146,55.972599,1206,Sheremetyevo International Airport,Moscow,Boeing 737-300,47100,126,0,12,,439200.00
136275,2017-01-13T10:08:00Z,AAQ,37.20,45.00,SVO,37.4146,55.972599,1206,Sheremetyevo International Airport,Moscow,Boeing 737-300,47100,126,113,0,1385800.00,
136282,2017-01-16T10:07:00Z,AAQ,37.20,45.00,SVO,37.4146,55.972599,1206,Sheremetyevo International Airport,Moscow,Boeing 737-300,47100,126,0,9,,329400.00
136282,2017-01-16T10:07:00Z,AAQ,37.20,45.00,SVO,37.4146,55.972599,1206,Sheremetyevo International Airport,Moscow,Boeing 737-300,47100,126,97,0,1189400.00,
136284,2017-02-07T10:07:00Z,AAQ,37.20,45.00,SVO,37.4146,55.972599,1206,Sheremetyevo International Airport,Moscow,Boeing 737-300,47100,126,0,10,,366000.00
136284,2017-02-07T10:07:00Z,AAQ,37.20,45.00,SVO,37.4146,55.972599,1206,Sheremetyevo International Airport,Moscow,Boeing 737-300,47100,126,107,0,1311400.00,
136293,2017-01-23T10:09:00Z,AAQ,37.20,45.00,SVO,37.4146,55.972599,1206,Sheremetyevo International Airport,Moscow,Boeing 737-300,47100,126,0,12,,439200.00
136293,2017-01-23T10:09:00Z,AAQ,37.20,45.00,SVO,37.4146,55.972599,1206,Sheremetyevo International Airport,Moscow,Boeing 737-300,47100,126,102,0,1250400.00,
136310,2017-01-22T10:07:00Z,AAQ,37.20,45.00,SVO,37.4146,55.972599,1206,Sheremetyevo International Airport,Moscow,Boeing 737-300,47100,126,0,9,,329400.00
136310,2017-01-22T10:07:00Z,AAQ,37.20,45.00,SVO,37.4146,55.972599,1206,Sheremetyevo International Airport,Moscow,Boeing 737-300,47100,126,108,0,1324800.00,
136316,2017-01-12T10:07:00Z,AAQ,37.20,45.00,SVO,37.4146,55.972599,1206,Sheremetyevo International Airport,Moscow,Boeing 737-300,47100,126,0,12,,439200.00
136316,2017-01-12T10:07:00Z,AAQ,37.20,45.00,SVO,37.4146,55.972599,1206,Sheremetyevo International Airport,Moscow,Boeing 737-300,47100,126,118,0,1446800.00,
136320,2017-02-19T10:05:00Z,AAQ,37.20,45.00,SVO,37.4146,55.972599,1206,Sheremetyevo International Airport,Moscow,Boeing 737-300,47100,126,0,10,,366000.00
136320,2017-02-19T10:05:00Z,AAQ,37.20,45.00,SVO,37.4146,55.972599,1206,Sheremetyevo International Airport,Moscow,Boeing 737-300,47100,126,96,0,1178400.00,
136322,2017-02-06T10:11:00Z,AAQ,37.20,45.00,SVO,37.4146,55.972599,1206,Sheremetyevo International Airport,Moscow,Boeing 737-300,47100,126,0,10,,366000.00
136322,2017-02-06T10:11:00Z,AAQ,37.20,45.00,SVO,37.4146,55.972599,1206,Sheremetyevo International Airport,Moscow,Boeing 737-300,47100,126,98,0,1201600.00,
136345,2017-01-24T13:32:00Z,AAQ,37.20,45.00,SVO,37.4146,55.972599,1206,Sheremetyevo International Airport,Moscow,Boeing 737-300,47100,126,0,8,,292800.00
136345,2017-01-24T13:32:00Z,AAQ,37.20,45.00,SVO,37.4146,55.972599,1206,Sheremetyevo International Airport,Moscow,Boeing 737-300,47100,126,100,0,1224800.00,
136348,2017-02-10T10:05:00Z,AAQ,37.20,45.00,SVO,37.4146,55.972599,1206,Sheremetyevo International Airport,Moscow,Boeing 737-300,47100,126,0,12,,439200.00
136348,2017-02-10T10:05:00Z,AAQ,37.20,45.00,SVO,37.4146,55.972599,1206,Sheremetyevo International Airport,Moscow,Boeing 737-300,47100,126,108,0,1323600.00,
136351,2017-02-26T10:13:00Z,AAQ,37.20,45.00,SVO,37.4146,55.972599,1206,Sheremetyevo International Airport,Moscow,Boeing 737-300,47100,126,0,11,,402600.00
136351,2017-02-26T10:13:00Z,AAQ,37.20,45.00,SVO,37.4146,55.972599,1206,Sheremetyevo International Airport,Moscow,Boeing 737-300,47100,126,94,0,1152800.00,
136360,2017-02-05T10:08:00Z,AAQ,37.20,45.00,SVO,37.4146,55.972599,1206,Sheremetyevo International Airport,Moscow,Boeing 737-300,47100,126,0,11,,402600.00
136360,2017-02-05T10:08:00Z,AAQ,37.20,45.00,SVO,37.4146,55.972599,1206,Sheremetyevo International Airport,Moscow,Boeing 737-300,47100,126,86,0,1052800.00,
136366,2017-01-11T10:08:00Z,AAQ,37.20,45.00,SVO,37.4146,55.972599,1206,Sheremetyevo International Airport,Moscow,Boeing 737-300,47100,126,0,11,,402600.00
136366,2017-01-11T10:08:00Z,AAQ,37.20,45.00,SVO,37.4146,55.972599,1206,Sheremetyevo International Airport,Moscow,Boeing 737-300,47100,126,92,0,1124800.00,
136383,2017-01-25T10:09:00Z,AAQ,37.20,45.00,SVO,37.4146,55.972599,1206,Sheremetyevo International Airport,Moscow,Boeing 737-300,47100,126,0,8,,292800.00
136383,2017-01-25T10:09:00Z,AAQ,37.20,45.00,SVO,37.4146,55.972599,1206,Sheremetyevo International Airport,Moscow,Boeing 737-300,47100,126,98,0,1200400.00,
136387,2017-01-19T10:08:00Z,AAQ,37.20,45.00,SVO,37.4146,55.972599,1206,Sheremetyevo International Airport,Moscow,Boeing 737-300,47100,126,0,12,,439200.00
136387,2017-01-19T10:08:00Z,AAQ,37.20,45.00,SVO,37.4146,55.972599,1206,Sheremetyevo International Airport,Moscow,Boeing 737-300,47100,126,109,0,1335800.00,
136389,2017-01-18T10:10:00Z,AAQ,37.20,45.00,SVO,37.4146,55.972599,1206,Sheremetyevo International Airport,Moscow,Boeing 737-300,47100,126,0,12,,439200.00
136389,2017-01-18T10:10:00Z,AAQ,37.20,45.00,SVO,37.4146,55.972599,1206,Sheremetyevo International Airport,Moscow,Boeing 737-300,47100,126,117,0,1434600.00,
136403,2017-02-20T10:06:00Z,AAQ,37.20,45.00,SVO,37.4146,55.972599,1206,Sheremetyevo International Airport,Moscow,Boeing 737-300,47100,126,0,12,,439200.00
136403,2017-02-20T10:06:00Z,AAQ,37.20,45.00,SVO,37.4146,55.972599,1206,Sheremetyevo International Airport,Moscow,Boeing 737-300,47100,126,117,0,1434600.00,
136411,2017-02-04T10:06:00Z,AAQ,37.20,45.00,SVO,37.4146,55.972599,1206,Sheremetyevo International Airport,Moscow,Boeing 737-300,47100,126,0,10,,366000.00
136411,2017-02-04T10:06:00Z,AAQ,37.20,45.00,SVO,37.4146,55.972599,1206,Sheremetyevo International Airport,Moscow,Boeing 737-300,47100,126,100,0,1224800.00,
136420,2017-01-01T10:09:00Z,AAQ,37.20,45.00,SVO,37.4146,55.972599,1206,Sheremetyevo International Airport,Moscow,Boeing 737-300,47100,126,0,11,,402600.00
136420,2017-01-01T10:09:00Z,AAQ,37.20,45.00,SVO,37.4146,55.972599,1206,Sheremetyevo International Airport,Moscow,Boeing 737-300,47100,126,93,0,1139400.00,
136423,2017-01-10T10:12:00Z,AAQ,37.20,45.00,SVO,37.4146,55.972599,1206,Sheremetyevo International Airport,Moscow,Boeing 737-300,47100,126,0,11,,402600.00
136423,2017-01-10T10:12:00Z,AAQ,37.20,45.00,SVO,37.4146,55.972599,1206,Sheremetyevo International Airport,Moscow,Boeing 737-300,47100,126,118,0,1446800.00,
136428,2017-01-21T10:08:00Z,AAQ,37.20,45.00,SVO,37.4146,55.972599,1206,Sheremetyevo International Airport,Moscow,Boeing 737-300,47100,126,0,11,,402600.00
136428,2017-01-21T10:08:00Z,AAQ,37.20,45.00,SVO,37.4146,55.972599,1206,Sheremetyevo International Airport,Moscow,Boeing 737-300,47100,126,104,0,1276000.00,
136436,2017-01-26T10:08:00Z,AAQ,37.20,45.00,SVO,37.4146,55.972599,1206,Sheremetyevo International Airport,Moscow,Boeing 737-300,47100,126,0,12,,439200.00
136436,2017-01-26T10:08:00Z,AAQ,37.20,45.00,SVO,37.4146,55.972599,1206,Sheremetyevo International Airport,Moscow,Boeing 737-300,47100,126,112,0,1372400.00,
136439,2017-02-25T10:08:00Z,AAQ,37.20,45.00,SVO,37.4146,55.972599,1206,Sheremetyevo International Airport,Moscow,Boeing 737-300,47100,126,0,11,,402600.00
136439,2017-02-25T10:08:00Z,AAQ,37.20,45.00,SVO,37.4146,55.972599,1206,Sheremetyevo International Airport,Moscow,Boeing 737-300,47100,126,106,0,1299200.00,
136441,2017-02-03T10:07:00Z,AAQ,37.20,45.00,SVO,37.4146,55.972599,1206,Sheremetyevo International Airport,Moscow,Boeing 737-300,47100,126,0,11,,402600.00
136441,2017-02-03T10:07:00Z,AAQ,37.20,45.00,SVO,37.4146,55.972599,1206,Sheremetyevo International Airport,Moscow,Boeing 737-300,47100,126,117,0,1434600.00,
136452,2017-02-17T10:08:00Z,AAQ,37.20,45.00,SVO,37.4146,55.972599,1206,Sheremetyevo International Airport,Moscow,Boeing 737-300,47100,126,0,11,,402600.00
136452,2017-02-17T10:08:00Z,AAQ,37.20,45.00,SVO,37.4146,55.972599,1206,Sheremetyevo International Airport,Moscow,Boeing 737-300,47100,126,98,0,1200400.00,
136458,2017-01-02T10:07:00Z,AAQ,37.20,45.00,SVO,37.4146,55.972599,1206,Sheremetyevo International Airport,Moscow,Boeing 737-300,47100,126,0,9,,329400.00
136458,2017-01-02T10:07:00Z,AAQ,37.20,45.00,SVO,37.4146,55.972599,1206,Sheremetyevo International Airport,Moscow,Boeing 737-300,47100,126,101,0,1239400.00,
136463,2017-01-20T10:06:00Z,AAQ,37.20,45.00,SVO,37.4146,55.972599,1206,Sheremetyevo International Airport,Moscow,Boeing 737-300,47100,126,0,12,,439200.00
136463,2017-01-20T10:06:00Z,AAQ,37.20,45.00,SVO,37.4146,55.972599,1206,Sheremetyevo International Airport,Moscow,Boeing 737-300,47100,126,110,0,1349200.00,
136464,2017-01-09T10:07:00Z,AAQ,37.20,45.00,SVO,37.4146,55.972599,1206,Sheremetyevo International Airport,Moscow,Boeing 737-300,47100,126,0,7,,256200.00
136464,2017-01-09T10:07:00Z,AAQ,37.20,45.00,SVO,37.4146,55.972599,1206,Sheremetyevo International Airport,Moscow,Boeing 737-300,47100,126,93,0,1141800.00,
136471,2017-01-17T10:11:00Z,AAQ,37.20,45.00,SVO,37.4146,55.972599,1206,Sheremetyevo International Airport,Moscow,Boeing 737-300,47100,126,0,12,,439200.00
136471,2017-01-17T10:11:00Z,AAQ,37.20,45.00,SVO,37.4146,55.972599,1206,Sheremetyevo International Airport,Moscow,Boeing 737-300,47100,126,108,0,1323600.00,
136479,2017-02-21T10:08:00Z,AAQ,37.20,45.00,SVO,37.4146,55.972599,1206,Sheremetyevo International Airport,Moscow,Boeing 737-300,47100,126,0,10,,366000.00
136479,2017-02-21T10:08:00Z,AAQ,37.20,45.00,SVO,37.4146,55.972599,1206,Sheremetyevo International Airport,Moscow,Boeing 737-300,47100,126,112,0,1372400.00,
136485,2017-01-27T10:07:00Z,AAQ,37.20,45.00,SVO,37.4146,55.972599,1206,Sheremetyevo International Airport,Moscow,Boeing 737-300,47100,126,0,9,,329400.00
136485,2017-01-27T10:07:00Z,AAQ,37.20,45.00,SVO,37.4146,55.972599,1206,Sheremetyevo International Airport,Moscow,Boeing 737-300,47100,126,97,0,1190600.00,
136486,2017-02-02T10:07:00Z,AAQ,37.20,45.00,SVO,37.4146,55.972599,1206,Sheremetyevo International Airport,Moscow,Boeing 737-300,47100,126,0,8,,292800.00
136486,2017-02-02T10:07:00Z,AAQ,37.20,45.00,SVO,37.4146,55.972599,1206,Sheremetyevo International Airport,Moscow,Boeing 737-300,47100,126,99,0,1212600.00,
136571,2017-01-25T09:28:00Z,AAQ,37.20,45.00,EGO,36.5900993347168,50.643798828125,638,Belgorod International Airport,Belgorod,Sukhoi Superjet-100,47100,103,0,12,,226800.00
136571,2017-01-25T09:28:00Z,AAQ,37.20,45.00,EGO,36.5900993347168,50.643798828125,638,Belgorod International Airport,Belgorod,Sukhoi Superjet-100,47100,103,83,0,525900.00,
136586,2017-01-10T09:28:00Z,AAQ,37.20,45.00,EGO,36.5900993347168,50.643798828125,638,Belgorod International Airport,Belgorod,Sukhoi Superjet-100,47100,103,0,12,,226800.00
136586,2017-01-10T09:28:00Z,AAQ,37.20,45.00,EGO,36.5900993347168,50.643798828125,638,Belgorod International Airport,Belgorod,Sukhoi Superjet-100,47100,103,84,0,532200.00,
136600,2017-02-08T09:26:00Z,AAQ,37.20,45.00,EGO,36.5900993347168,50.643798828125,638,Belgorod International Airport,Belgorod,Sukhoi Superjet-100,47100,103,0,12,,226800.00
136600,2017-02-08T09:26:00Z,AAQ,37.20,45.00,EGO,36.5900993347168,50.643798828125,638,Belgorod International Airport,Belgorod,Sukhoi Superjet-100,47100,103,85,0,538500.00,
136605,2017-02-15T09:28:00Z,AAQ,37.20,45.00,EGO,36.5900993347168,50.643798828125,638,Belgorod International Airport,Belgorod,Sukhoi Superjet-100,47100,103,0,12,,226800.00
136605,2017-02-15T09:28:00Z,AAQ,37.20,45.00,EGO,36.5900993347168,50.643798828125,638,Belgorod International Airport,Belgorod,Sukhoi Superjet-100,47100,103,85,0,538500.00,
136609,2017-01-08T09:28:00Z,AAQ,37.20,45.00,EGO,36.5900993347168,50.643798828125,638,Belgorod International Airport,Belgorod,Sukhoi Superjet-100,47100,103,0,10,,189000.00
136609,2017-01-08T09:28:00Z,AAQ,37.20,45.00,EGO,36.5900993347168,50.643798828125,638,Belgorod International Airport,Belgorod,Sukhoi Superjet-100,47100,103,71,0,450300.00,
136612,2017-02-21T09:27:00Z,AAQ,37.20,45.00,EGO,36.5900993347168,50.643798828125,638,Belgorod International Airport,Belgorod,Sukhoi Superjet-100,47100,103,0,12,,226800.00
136612,2017-02-21T09:27:00Z,AAQ,37.20,45.00,EGO,36.5900993347168,50.643798828125,638,Belgorod International Airport,Belgorod,Sukhoi Superjet-100,47100,103,82,0,519600.00,
136620,2017-02-17T09:30:00Z,AAQ,37.20,45.00,EGO,36.5900993347168,50.643798828125,638,Belgorod International Airport,Belgorod,Sukhoi Superjet-100,47100,103,0,9,,170100.00
136620,2017-02-17T09:30:00Z,AAQ,37.20,45.00,EGO,36.5900993347168,50.643798828125,638,Belgorod International Airport,Belgorod,Sukhoi Superjet-100,47100,103,70,0,443400.00,
136630,2017-02-25T09:32:00Z,AAQ,37.20,45.00,EGO,36.5900993347168,50.643798828125,638,Belgorod International Airport,Belgorod,Sukhoi Superjet-100,47100,103,0,12,,226800.00
136630,2017-02-25T09:32:00Z,AAQ,37.20,45.00,EGO,36.5900993347168,50.643798828125,638,Belgorod International Airport,Belgorod,Sukhoi Superjet-100,47100,103,82,0,519600.00,
136632,2017-01-07T12:42:00Z,AAQ,37.20,45.00,EGO,36.5900993347168,50.643798828125,638,Belgorod International Airport,Belgorod,Sukhoi Superjet-100,47100,103,0,11,,207900.00
136632,2017-01-07T12:42:00Z,AAQ,37.20,45.00,EGO,36.5900993347168,50.643798828125,638,Belgorod International Airport,Belgorod,Sukhoi Superjet-100,47100,103,80,0,506400.00,
136642,2017-01-30T09:28:00Z,AAQ,37.20,45.00,EGO,36.5900993347168,50.643798828125,638,Belgorod International Airport,Belgorod,Sukhoi Superjet-100,47100,103,0,10,,189000.00
136642,2017-01-30T09:28:00Z,AAQ,37.20,45.00,EGO,36.5900993347168,50.643798828125,638,Belgorod International Airport,Belgorod,Sukhoi Superjet-100,47100,103,54,0,342000.00,
136645,2017-01-05T09:29:00Z,AAQ,37.20,45.00,EGO,36.5900993347168,50.643798828125,638,Belgorod International Airport,Belgorod,Sukhoi Superjet-100,47100,103,0,9,,170100.00
136645,2017-01-05T09:29:00Z,AAQ,37.20,45.00,EGO,36.5900993347168,50.643798828125,638,Belgorod International Airport,Belgorod,Sukhoi Superjet-100,47100,103,73,0,462900.00,
136649,2017-01-18T09:25:00Z,AAQ,37.20,45.00,EGO,36.5900993347168,50.643798828125,638,Belgorod International Airport,Belgorod,Sukhoi Superjet-100,47100,103,0,12,,226800.00
136649,2017-01-18T09:25:00Z,AAQ,37.20,45.00,EGO,36.5900993347168,50.643798828125,638,Belgorod International Airport,Belgorod,Sukhoi Superjet-100,47100,103,84,0,532200.00,
136654,2017-01-19T09:28:00Z,AAQ,37.20,45.00,EGO,36.5900993347168,50.643798828125,638,Belgorod International Airport,Belgorod,Sukhoi Superjet-100,47100,103,0,12,,226800.00
136654,2017-01-19T09:28:00Z,AAQ,37.20,45.00,EGO,36.5900993347168,50.643798828125,638,Belgorod International Airport,Belgorod,Sukhoi Superjet-100,47100,103,84,0,532200.00,
136660,2017-02-20T09:26:00Z,AAQ,37.20,45.00,EGO,36.5900993347168,50.643798828125,638,Belgorod International Airport,Belgorod,Sukhoi Superjet-100,47100,103,0,10,,189000.00
136660,2017-02-20T09:26:00Z,AAQ,37.20,45.00,EGO,36.5900993347168,50.643798828125,638,Belgorod International Airport,Belgorod,Sukhoi Superjet-100,47100,103,77,0,488100.00,
136661,2017-01-01T09:27:00Z,AAQ,37.20,45.00,EGO,36.5900993347168,50.643798828125,638,Belgorod International Airport,Belgorod,Sukhoi Superjet-100,47100,103,0,12,,226800.00
136661,2017-01-01T09:27:00Z,AAQ,37.20,45.00,EGO,36.5900993347168,50.643798828125,638,Belgorod International Airport,Belgorod,Sukhoi Superjet-100,47100,103,84,0,532200.00,
136666,2017-02-09T09:26:00Z,AAQ,37.20,45.00,EGO,36.5900993347168,50.643798828125,638,Belgorod International Airport,Belgorod,Sukhoi Superjet-100,47100,103,0,9,,170100.00
136666,2017-02-09T09:26:00Z,AAQ,37.20,45.00,EGO,36.5900993347168,50.643798828125,638,Belgorod International Airport,Belgorod,Sukhoi Superjet-100,47100,103,78,0,494400.00,
136669,2017-01-17T09:26:00Z,AAQ,37.20,45.00,EGO,36.5900993347168,50.643798828125,638,Belgorod International Airport,Belgorod,Sukhoi Superjet-100,47100,103,0,12,,226800.00
136669,2017-01-17T09:26:00Z,AAQ,37.20,45.00,EGO,36.5900993347168,50.643798828125,638,Belgorod International Airport,Belgorod,Sukhoi Superjet-100,47100,103,83,0,525900.00,
136672,2017-02-03T09:28:00Z,AAQ,37.20,45.00,EGO,36.5900993347168,50.643798828125,638,Belgorod International Airport,Belgorod,Sukhoi Superjet-100,47100,103,0,12,,226800.00
136672,2017-02-03T09:28:00Z,AAQ,37.20,45.00,EGO,36.5900993347168,50.643798828125,638,Belgorod International Airport,Belgorod,Sukhoi Superjet-100,47100,103,84,0,532200.00,
136678,2017-01-28T09:27:00Z,AAQ,37.20,45.00,EGO,36.5900993347168,50.643798828125,638,Belgorod International Airport,Belgorod,Sukhoi Superjet-100,47100,103,0,10,,189000.00
136678,2017-01-28T09:27:00Z,AAQ,37.20,45.00,EGO,36.5900993347168,50.643798828125,638,Belgorod International Airport,Belgorod,Sukhoi Superjet-100,47100,103,70,0,442200.00,
136706,2017-01-06T09:30:00Z,AAQ,37.20,45.00,EGO,36.5900993347168,50.643798828125,638,Belgorod International Airport,Belgorod,Sukhoi Superjet-100,47100,103,0,11,,207900.00
136706,2017-01-06T09:30:00Z,AAQ,37.20,45.00,EGO,36.5900993347168,50.643798828125,638,Belgorod International Airport,Belgorod,Sukhoi Superjet-100,47100,103,84,0,532200.00,
136709,2017-01-15T09:28:00Z,AAQ,37.20,45.00,EGO,36.5900993347168,50.643798828125,638,Belgorod International Airport,Belgorod,Sukhoi Superjet-100,47100,103,0,11,,207900.00
136709,2017-01-15T09:28:00Z,AAQ,37.20,45.00,EGO,36.5900993347168,50.643798828125,638,Belgorod International Airport,Belgorod,Sukhoi Superjet-100,47100,103,76,0,481800.00,
136720,2017-01-26T09:29:00Z,AAQ,37.20,45.00,EGO,36.5900993347168,50.643798828125,638,Belgorod International Airport,Belgorod,Sukhoi Superjet-100,47100,103,0,12,,226800.00
136720,2017-01-26T09:29:00Z,AAQ,37.20,45.00,EGO,36.5900993347168,50.643798828125,638,Belgorod International Airport,Belgorod,Sukhoi Superjet-100,47100,103,83,0,525900.00,
136729,2017-01-29T09:29:00Z,AAQ,37.20,45.00,EGO,36.5900993347168,50.643798828125,638,Belgorod International Airport,Belgorod,Sukhoi Superjet-100,47100,103,0,11,,207900.00
136729,2017-01-29T09:29:00Z,AAQ,37.20,45.00,EGO,36.5900993347168,50.643798828125,638,Belgorod International Airport,Belgorod,Sukhoi Superjet-100,47100,103,77,0,487500.00,
136733,2017-01-09T09:27:00Z,AAQ,37.20,45.00,EGO,36.5900993347168,50.643798828125,638,Belgorod International Airport,Belgorod,Sukhoi Superjet-100,47100,103,0,12,,226800.00
136733,2017-01-09T09:27:00Z,AAQ,37.20,45.00,EGO,36.5900993347168,50.643798828125,638,Belgorod International Airport,Belgorod,Sukhoi Superjet-100,47100,103,82,0,519600.00,
136754,2017-02-06T09:29:00Z,AAQ,37.20,45.00,EGO,36.5900993347168,50.643798828125,638,Belgorod International Airport,Belgorod,Sukhoi Superjet-100,47100,103,0,12,,226800.00
136754,2017-02-06T09:29:00Z,AAQ,37.20,45.00,EGO,36.5900993347168,50.643798828125,638,Belgorod International Airport,Belgorod,Sukhoi Superjet-100,47100,103,78,0,494400.00,
136755,2017-01-21T09:30:00Z,AAQ,37.20,45.00,EGO,36.5900993347168,50.643798828125,638,Belgorod International Airport,Belgorod,Sukhoi Superjet-100,47100,103,0,12,,226800.00
136755,2017-01-21T09:30:00Z,AAQ,37.20,45.00,EGO,36.5900993347168,50.643798828125,638,Belgorod International Airport,Belgorod,Sukhoi Superjet-100,47100,103,85,0,538500.00,
136757,2017-01-27T09:30:00Z,AAQ,37.20,45.00,EGO,36.5900993347168,50.643798828125,638,Belgorod International Airport,Belgorod,Sukhoi Superjet-100,47100,103,0,12,,226800.00
136757,2017-01-27T09:30:00Z,AAQ,37.20,45.00,EGO,36.5900993347168,50.643798828125,638,Belgorod International Airport,Belgorod,Sukhoi Superjet-100,47100,103,85,0,538500.00,
136758,2017-01-12T09:26:00Z,AAQ,37.20,45.00,EGO,36.5900993347168,50.643798828125,638,Belgorod International Airport,Belgorod,Sukhoi Superjet-100,47100,103,0,12,,226800.00
136758,2017-01-12T09:26:00Z,AAQ,37.20,45.00,EGO,36.5900993347168,50.643798828125,638,Belgorod International Airport,Belgorod,Sukhoi Superjet-100,47100,103,85,0,538500.00,
136767,2017-01-23T09:27:00Z,AAQ,37.20,45.00,EGO,36.5900993347168,50.643798828125,638,Belgorod International Airport,Belgorod,Sukhoi Superjet-100,47100,103,0,10,,189000.00
136767,2017-01-23T09:27:00Z,AAQ,37.20,45.00,EGO,36.5900993347168,50.643798828125,638,Belgorod International Airport,Belgorod,Sukhoi Superjet-100,47100,103,73,0,462300.00,
136769,2017-02-10T09:30:00Z,AAQ,37.20,45.00,EGO,36.5900993347168,50.643798828125,638,Belgorod International Airport,Belgorod,Sukhoi Superjet-100,47100,103,0,11,,207900.00
136769,2017-02-10T09:30:00Z,AAQ,37.20,45.00,EGO,36.5900993347168,50.643798828125,638,Belgorod International Airport,Belgorod,Sukhoi Superjet-100,47100,103,77,0,488100.00,
136778,2017-02-22T09:26:00Z,AAQ,37.20,45.00,EGO,36.5900993347168,50.643798828125,638,Belgorod International Airport,Belgorod,Sukhoi Superjet-100,47100,103,0,12,,226800.00
136778,2017-02-22T09:26:00Z,AAQ,37.20,45.00,EGO,36.5900993347168,50.643798828125,638,Belgorod International Airport,Belgorod,Sukhoi Superjet-100,47100,103,84,0,532200.00,
136780,2017-02-24T09:30:00Z,AAQ,37.20,45.00,EGO,36.5900993347168,50.643798828125,638,Belgorod International Airport,Belgorod,Sukhoi Superjet-100,47100,103,0,12,,226800.00
136780,2017-02-24T09:30:00Z,AAQ,37.20,45.00,EGO,36.5900993347168,50.643798828125,638,Belgorod International Airport,Belgorod,Sukhoi Superjet-100,47100,103,77,0,488100.00,
136781,2017-01-14T09:26:00Z,AAQ,37.20,45.00,EGO,36.5900993347168,50.643798828125,638,Belgorod International Airport,Belgorod,Sukhoi Superjet-100,47100,103,0,12,,226800.00
136781,2017-01-14T09:26:00Z,AAQ,37.20,45.00,EGO,36.5900993347168,50.643798828125,638,Belgorod International Airport,Belgorod,Sukhoi Superjet-100,47100,103,85,0,538500.00,
136802,2017-02-26T09:32:00Z,AAQ,37.20,45.00,EGO,36.5900993347168,50.643798828125,638,Belgorod International Airport,Belgorod,Sukhoi Superjet-100,47100,103,0,11,,207900.00
136802,2017-02-26T09:32:00Z,AAQ,37.20,45.00,EGO,36.5900993347168,50.643798828125,638,Belgorod International Airport,Belgorod,Sukhoi Superjet-100,47100,103,85,0,538500.00,
136807,2017-02-23T09:28:00Z,AAQ,37.20,45.00,EGO,36.5900993347168,50.643798828125,638,Belgorod International Airport,Belgorod,Sukhoi Superjet-100,47100,103,0,8,,151200.00
136807,2017-02-23T09:28:00Z,AAQ,37.20,45.00,EGO,36.5900993347168,50.643798828125,638,Belgorod International Airport,Belgorod,Sukhoi Superjet-100,47100,103,60,0,379800.00,
136815,2017-02-19T09:26:00Z,AAQ,37.20,45.00,EGO,36.5900993347168,50.643798828125,638,Belgorod International Airport,Belgorod,Sukhoi Superjet-100,47100,103,0,12,,226800.00
136815,2017-02-19T09:26:00Z,AAQ,37.20,45.00,EGO,36.5900993347168,50.643798828125,638,Belgorod International Airport,Belgorod,Sukhoi Superjet-100,47100,103,85,0,538500.00,
136819,2017-01-04T09:29:00Z,AAQ,37.20,45.00,EGO,36.5900993347168,50.643798828125,638,Belgorod International Airport,Belgorod,Sukhoi Superjet-100,47100,103,0,12,,226800.00
136819,2017-01-04T09:29:00Z,AAQ,37.20,45.00,EGO,36.5900993347168,50.643798828125,638,Belgorod International Airport,Belgorod,Sukhoi Superjet-100,47100,103,84,0,532200.00,
136823,2017-02-05T09:27:00Z,AAQ,37.20,45.00,EGO,36.5900993347168,50.643798828125,638,Belgorod International Airport,Belgorod,Sukhoi Superjet-100,47100,103,0,10,,189000.00
136823,2017-02-05T09:27:00Z,AAQ,37.20,45.00,EGO,36.5900993347168,50.643798828125,638,Belgorod International Airport,Belgorod,Sukhoi Superjet-100,47100,103,68,0,431400.00,
136827,2017-02-18T09:26:00Z,AAQ,37.20,45.00,EGO,36.5900993347168,50.643798828125,638,Belgorod International Airport,Belgorod,Sukhoi Superjet-100,47100,103,0,12,,226800.00
136827,2017-02-18T09:26:00Z,AAQ,37.20,45.00,EGO,36.5900993347168,50.643798828125,638,Belgorod International Airport,Belgorod,Sukhoi Superjet-100,47100,103,85,0,538500.00,
136838,2017-01-24T09:30:00Z,AAQ,37.20,45.00,EGO,36.5900993347168,50.643798828125,638,Belgorod International Airport,Belgorod,Sukhoi Superjet-100,47100,103,0,10,,189000.00
136838,2017-01-24T09:30:00Z,AAQ,37.20,45.00,EGO,36.5900993347168,50.643798828125,638,Belgorod International Airport,Belgorod,Sukhoi Superjet-100,47100,103,76,0,481200.00,
136841,2017-02-07T09:25:00Z,AAQ,37.20,45.00,EGO,36.5900993347168,50.643798828125,638,Belgorod International Airport,Belgorod,Sukhoi Superjet-100,47100,103,0,12,,226800.00
136841,2017-02-07T09:25:00Z,AAQ,37.20,45.00,EGO,36.5900993347168,50.643798828125,638,Belgorod International Airport,Belgorod,Sukhoi Superjet-100,47100,103,85,0,538500.00,
136844,2017-02-28T09:26:00Z,AAQ,37.20,45.00,EGO,36.5900993347168,50.643798828125,638,Belgorod International Airport,Belgorod,Sukhoi Superjet-100,47100,103,0,6,,113400.00
136844,2017-02-28T09:26:00Z,AAQ,37.20,45.00,EGO,36.5900993347168,50.643798828125,638,Belgorod International Airport,Belgorod,Sukhoi Superjet-100,47100,103,73,0,461700.00,
136855,2017-01-11T12:07:00Z,AAQ,37.20,45.00,EGO,36.5900993347168,50.643798828125,638,Belgorod International Airport,Belgorod,Sukhoi Superjet-100,47100,103,0,12,,226800.00
136855,2017-01-11T12:07:00Z,AAQ,37.20,45.00,EGO,36.5900993347168,50.643798828125,638,Belgorod International Airport,Belgorod,Sukhoi Superjet-100,47100,103,75,0,475500.00,
136857,2017-02-13T09:31:00Z,AAQ,37.20,45.00,EGO,36.5900993347168,50.643798828125,638,Belgorod International Airport,Belgorod,Sukhoi Superjet-100,47100,103,0,12,,226800.00
136857,2017-02-13T09:31:00Z,AAQ,37.20,45.00,EGO,36.5900993347168,50.643798828125,638,Belgorod International Airport,Belgorod,Sukhoi Superjet-100,47100,103,85,0,538500.00,
136861,2017-02-12T09:28:00Z,AAQ,37.20,45.00,EGO,36.5900993347168,50.643798828125,638,Belgorod International Airport,Belgorod,Sukhoi Superjet-100,47100,103,0,11,,207900.00
136861,2017-02-12T09:28:00Z,AAQ,37.20,45.00,EGO,36.5900993347168,50.643798828125,638,Belgorod International Airport,Belgorod,Sukhoi Superjet-100,47100,103,76,0,481200.00,
136869,2017-01-31T09:26:00Z,AAQ,37.20,45.00,EGO,36.5900993347168,50.643798828125,638,Belgorod International Airport,Belgorod,Sukhoi Superjet-100,47100,103,0,12,,226800.00
136869,2017-01-31T09:26:00Z,AAQ,37.20,45.00,EGO,36.5900993347168,50.643798828125,638,Belgorod International Airport,Belgorod,Sukhoi Superjet-100,47100,103,85,0,538500.00,
136871,2017-01-13T09:28:00Z,AAQ,37.20,45.00,EGO,36.5900993347168,50.643798828125,638,Belgorod International Airport,Belgorod,Sukhoi Superjet-100,47100,103,0,12,,226800.00
136871,2017-01-13T09:28:00Z,AAQ,37.20,45.00,EGO,36.5900993347168,50.643798828125,638,Belgorod International Airport,Belgorod,Sukhoi Superjet-100,47100,103,85,0,538500.00,
136875,2017-02-16T09:29:00Z,AAQ,37.20,45.00,EGO,36.5900993347168,50.643798828125,638,Belgorod International Airport,Belgorod,Sukhoi Superjet-100,47100,103,0,12,,226800.00
136875,2017-02-16T09:29:00Z,AAQ,37.20,45.00,EGO,36.5900993347168,50.643798828125,638,Belgorod International Airport,Belgorod,Sukhoi Superjet-100,47100,103,85,0,538500.00,
136887,2017-01-20T09:30:00Z,AAQ,37.20,45.00,EGO,36.5900993347168,50.643798828125,638,Belgorod International Airport,Belgorod,Sukhoi Superjet-100,47100,103,0,8,,151200.00
136887,2017-01-20T09:30:00Z,AAQ,37.20,45.00,EGO,36.5900993347168,50.643798828125,638,Belgorod International Airport,Belgorod,Sukhoi Superjet-100,47100,103,70,0,444000.00,
136888,2017-02-14T09:29:00Z,AAQ,37.20,45.00,EGO,36.5900993347168,50.643798828125,638,Belgorod International Airport,Belgorod,Sukhoi Superjet-100,47100,103,0,10,,189000.00
136888,2017-02-14T09:29:00Z,AAQ,37.20,45.00,EGO,36.5900993347168,50.643798828125,638,Belgorod International Airport,Belgorod,Sukhoi Superjet-100,47100,103,69,0,437100.00,
136900,2017-02-01T09:30:00Z,AAQ,37.20,45.00,EGO,36.5900993347168,50.643798828125,638,Belgorod International Airport,Belgorod,Sukhoi Superjet-100,47100,103,0,12,,226800.00
136900,2017-02-01T09:30:00Z,AAQ,37.20,45.00,EGO,36.5900993347168,50.643798828125,638,Belgorod International Airport,Belgorod,Sukhoi Superjet-100,47100,103,85,0,538500.00,
136907,2017-01-16T09:31:00Z,AAQ,37.20,45.00,EGO,36.5900993347168,50.643798828125,638,Belgorod International Airport,Belgorod,Sukhoi Superjet-100,47100,103,0,12,,226800.00
136907,2017-01-16T09:31:00Z,AAQ,37.20,45.00,EGO,36.5900993347168,50.643798828125,638,Belgorod International Airport,Belgorod,Sukhoi Superjet-100,47100,103,84,0,532200.00,
136922,2017-02-11T09:27:00Z,AAQ,37.20,45.00,EGO,36.5900993347168,50.643798828125,638,Belgorod International Airport,Belgorod,Sukhoi Superjet-100,47100,103,0,10,,189000.00
136922,2017-02-11T09:27:00Z,AAQ,37.20,45.00,EGO,36.5900993347168,50.643798828125,638,Belgorod International Airport,Belgorod,Sukhoi Superjet-100,47100,103,66,0,418800.00,
136927,2017-01-22T09:28:00Z,AAQ,37.20,45.00,EGO,36.5900993347168,50.643798828125,638,Belgorod International Airport,Belgorod,Sukhoi Superjet-100,47100,103,0,12,,226800.00
136927,2017-01-22T09:28:00Z,AAQ,37.20,45.00,EGO,36.5900993347168,50.643798828125,638,Belgorod International Airport,Belgorod,Sukhoi Superjet-100,47100,103,85,0,538500.00,
136936,2017-01-02T09:28:00Z,AAQ,37.20,45.00,EGO,36.5900993347168,50.643798828125,638,Belgorod International Airport,Belgorod,Sukhoi Superjet-100,47100,103,0,9,,170100.00
136936,2017-01-02T09:28:00Z,AAQ,37.20,45.00,EGO,36.5900993347168,50.643798828125,638,Belgorod International Airport,Belgorod,Sukhoi Superjet-100,47100,103,73,0,462300.00,
136937,2017-01-03T09:29:00Z,AAQ,37.20,45.00,EGO,36.5900993347168,50.643798828125,638,Belgorod International Airport,Belgorod,Sukhoi Superjet-100,47100,103,0,9,,170100.00
136937,2017-01-03T09:29:00Z,AAQ,37.20,45.00,EGO,36.5900993347168,50.643798828125,638,Belgorod International Airport,Belgorod,Sukhoi Superjet-100,47100,103,72,0,456000.00,
136951,2017-02-02T09:28:00Z,AAQ,37.20,45.00,EGO,36.5900993347168,50.643798828125,638,Belgorod International Airport,Belgorod,Sukhoi Superjet-100,47100,103,0,12,,226800.00
136951,2017-02-02T09:28:00Z,AAQ,37.20,45.00,EGO,36.5900993347168,50.643798828125,638,Belgorod International Airport,Belgorod,Sukhoi Superjet-100,47100,103,78,0,493800.00,
136953,2017-02-27T09:27:00Z,AAQ,37.20,45.00,EGO,36.5900993347168,50.643798828125,638,Belgorod International Airport,Belgorod,Sukhoi Superjet-100,47100,103,0,12,,226800.00
136953,2017-02-27T09:27:00Z,AAQ,37.20,45.00,EGO,36.5900993347168,50.643798828125,638,Belgorod International Airport,Belgorod,Sukhoi Superjet-100,47100,103,85,0,538500.00,
136956,2017-02-04T09:33:00Z,AAQ,37.20,45.00,EGO,36.5900993347168,50.643798828125,638,Belgorod International Airport,Belgorod,Sukhoi Superjet-100,47100,103,0,11,,207900.00
136956,2017-02-04T09:33:00Z,AAQ,37.20,45.00,EGO,36.5900993347168,50.643798828125,638,Belgorod International Airport,Belgorod,Sukhoi Superjet-100,47100,103,85,0,538500.00,
